idx_p,idx_v,variable,v1,v2,v3,v4,v5,v6,v7,v8,v9,v10,v11,v12,v13,v14,v15
1,1,Uniform{Float64},12.135476299792272,813.3969551761853,241.03390029191715,28.91409594325482,321.09044607774837,0.0,67.82177265412315,36.321965457875784,43.82503415991096,27.623653790257602,0.0,0.16666666666666666,0.03571428571428571,0.0,0.06838765055402414
1,2,"Truncated{Normal{Float64}, Continuous, Float64, Float64, Float64}",13.881183228252787,813.3969551761853,242.53514037202729,35.48846613826282,320.0875022933467,0.0,86.62763152483987,45.90023959605779,51.47200088074168,37.45695562653103,0.0,0.16666666666666666,0.03571428571428571,0.0,0.06838765055402414
1,3,"Truncated{MixtureModel{Univariate, Continuous, Truncated{Normal{Float64}, Continuous, Float64, Float64, Float64}, Categorical{Float64, Vector{Float64}}}, Continuous, Float64, Float64, Float64}",7.969904663330142,813.3969551761853,244.71051264150182,41.2393926523246,318.6781440025233,0.0,76.0322119548223,34.8995034476676,39.031735607319526,28.013612489188226,0.0,0.16666666666666666,0.03571428571428571,0.0,0.06838765055402414
1,4,"Truncated{Normal{Float64}, Continuous, Float64, Float64, Float64}",6.8427302013345175,813.3969551761853,241.0747427330539,37.63382593847859,321.1449616755125,0.0,68.62205926328464,30.591691339288133,25.193903495903218,27.741229546591935,0.0,0.16666666666666666,0.03571428571428571,0.0,0.06838765055402414
1,5,"Truncated{Normal{Float64}, Continuous, Float64, Float64, Float64}",9.985720396525979,813.3969551761853,241.698857649841,32.92197746448833,320.6613011264014,0.0,79.06937958462164,35.639857904141635,35.58678696755816,30.200079118450045,0.0,0.16666666666666666,0.03571428571428571,0.0,0.06838765055402414
