idx_p,metric,value
1,obj_std,25532.53882471578
1,reopt_std,25222.53352475898
1,deterministic,33609.6238298822
1,reopt_deterministic,31223.49011139748
1,ws,20956.964353726922
1,obj_ldr,47497.322893787954
1,reopt_ldr,50088.078032731595
1,dr_ldr,46292.70046325984
